Nazwa;;;;cena sklep internet;;Link-rewrite
TESORI KREM DO RĄK 75 ML JAPANESE;;TESORI KREM DO RĄK 75 ML JAPANESE;10,77;13,25;8008970050300;
TESORI KREM DO RĄK 75 ML FIORI DI LOTO;;TESORI KREM DO RĄK 75 ML FIORI DI LOTO;10,77;13,25;8008970050317;
TESORI KREM DO RĄK 75 ML AYURVEDA;;TESORI KREM DO RĄK 75 ML AYURVEDA;10,77;13,25;8008970050324;
DENIM ŻEL POD PRYSZNIC 250 ML MUSK;;DENIM ŻEL POD PRYSZNIC 250 ML MUSK;9,45;11,62;8008970004273;
Denim Żel pod prysznic Original 250 ml;;Denim Żel pod prysznic Original 250 ml;9,45;11,62;8008970004266;
DENIM ŻEL POD PRYSZNIC 250 ML WILD;;DENIM ŻEL POD PRYSZNIC 250 ML WILD;9,45;11,62;8008970038957;
CORRI D'ITALIA KONCENTRAT DO PŁUKANIA 1000 ML MILANO;;CORRI D'ITALIA KONCENTRAT DO PŁUKANIA 1000 ML MILANO;21,76;26,76;8054729636080;
CORRI D'ITALIA KONCENTRAT DO PŁUKANIA 1000 ML PISA;;CORRI D'ITALIA KONCENTRAT DO PŁUKANIA 1000 ML PISA;21,76;26,76;8054729636103;
CORRI D'ITALIA KONCENTRAT DO PŁUKANIA 1000 ML ROMA;;CORRI D'ITALIA KONCENTRAT DO PŁUKANIA 1000 ML ROMA;21,76;26,76;8054729636127;
CORRI D'ITALIA KONCENTRAT DO PŁUKANIA 1000 ML VENEZIA;;CORRI D'ITALIA KONCENTRAT DO PŁUKANIA 1000 ML VENEZIA;21,76;26,76;8054729636110;
CORRI D'ITALIA KONCENTRAT DO PŁUKANIA 1000 ML VERONA;;CORRI D'ITALIA KONCENTRAT DO PŁUKANIA 1000 ML VERONA;21,76;26,76;8054729636097;
CORRI D'ITALIA PERFUMY DO PRANIA 250 ML MILANO;;CORRI D'ITALIA PERFUMY DO PRANIA 250 ML MILANO;47,25;58,12;8054729636134;
CORRI D'ITALIA PERFUMY DO PRANIA 250 ML PISA;;CORRI D'ITALIA PERFUMY DO PRANIA 250 ML PISA;47,25;58,12;8054729636158;
CORRI D'ITALIA PERFUMY DO PRANIA 250 ML ROMA;;CORRI D'ITALIA PERFUMY DO PRANIA 250 ML ROMA;47,25;58,12;8054729636172;
CORRI D'ITALIA PERFUMY DO PRANIA 250 ML VENEZIA;;CORRI D'ITALIA PERFUMY DO PRANIA 250 ML VENEZIA;47,25;58,12;8054729636165;
CORRI D'ITALIA PERFUMY DO PRANIA 250 ML VERONA;;CORRI D'ITALIA PERFUMY DO PRANIA 250 ML VERONA;47,25;58,12;8054729636141;
CORRI D'ITALIA PŁYN DO PRANIA 1000 ML BIANCHI 40 PRAŃ;;CORRI D'ITALIA PŁYN DO PRANIA 1000 ML BIANCHI 40 PRAŃ;27,47;33,79;8054729636196;
CORRI D'ITALIA PŁYN DO PRANIA 1000 ML COLORATI 40 PRAŃ;;CORRI D'ITALIA PŁYN DO PRANIA 1000 ML COLORATI 40 PRAŃ;25,28;31,09;8054729636202;
CORRI D'ITALIA PŁYN DO PRANIA 1000 ML DELICATI 50 PRAŃ;;CORRI D'ITALIA PŁYN DO PRANIA 1000 ML DELICATI 50 PRAŃ;25,28;31,09;8054729636219;
CORRI D'ITALIA PŁYN DO PRANIA 1000 ML UNIVERSALE 40 PRAŃ;;CORRI D'ITALIA PŁYN DO PRANIA 1000 ML UNIVERSALE 40 PRAŃ;25,28;31,09;8054729636189;
MALIZIA PŁYN DO KĄPIELI 1000 ML AMBER & ORCHID;;MALIZIA PŁYN DO KĄPIELI 1000 ML AMBER & ORCHID;15,16;18,65;8003510036363;
MALIZIA ŻEL 2IN1 MEN 500 ML VETYVER;;MALIZIA ŻEL 2IN1 MEN 500 ML VETYVER;20,88;25,68;8003510034741;
MALIZIA PŁYN DO PŁUKANIA 2000 ML MUSCHIO BIANCO;;MALIZIA PŁYN DO PŁUKANIA 2000 ML MUSCHIO BIANCO;18,02;22,17;8003510013548;
DUAL POWER PŁYN DO NACZYŃ DZIÓBEK 1L BICARBONATO;;DUAL POWER PŁYN DO NACZYŃ DZIÓBEK 1L BICARBONATO;10,88;13,38;8054633836859;
DUAL POWER PŁYN DO NACZYŃ DZIÓBEK 1L LEMON;;DUAL POWER PŁYN DO NACZYŃ DZIÓBEK 1L LEMON;10,88;13,38;8032680397004;
DUAL POWER PŁYN DO NACZYŃ DZIÓBEK 1L VERDE;;DUAL POWER PŁYN DO NACZYŃ DZIÓBEK 1L VERDE;10,88;13,38;8032680397011;
DUAL POWER ODPLAMIACZ SPRAY 500 ML;;DUAL POWER ODPLAMIACZ SPRAY 500 ML;20,88;25,68;8054633830871;
DUAL POWER ODTŁUSZCZACZ 750 ML ECO GREENLIFE;;DUAL POWER ODTŁUSZCZACZ 750 ML ECO GREENLIFE;15,06;18,52;8032680395024;
DUAL POWER ODTŁUSZCZACZ 750 ML LAVENDER ZAPAS;;DUAL POWER ODTŁUSZCZACZ 750 ML LAVENDER ZAPAS;10,77;13,25;8032680391866;
DUAL POWER ODTŁUSZCZACZ 750 ML LEMON ZAPAS;;DUAL POWER ODTŁUSZCZACZ 750 ML LEMON ZAPAS;10,77;13,25;8032680391873;
DUAL POWER ODTŁUSZCZACZ 750 ML MARSYLIA ZAPAS;;DUAL POWER ODTŁUSZCZACZ 750 ML MARSYLIA ZAPAS;10,77;13,25;8032680392566;
DUAL POWER PŁYN DO CZYSZCZENIA STALI NIERDZEWNEJ 500 ML;;DUAL POWER PŁYN DO CZYSZCZENIA STALI NIERDZEWNEJ 500 ML;17,37;21,36;8054633830826;
DUAL POWER PŁYN DO CZYSZCZENI DREWNA 500 ML;;DUAL POWER PŁYN DO CZYSZCZENI DREWNA 500 ML;23,96;29,47;8054633836613;
DUAL POWER PŁYN DO PRANIA 2000 ML ECO GREEN LIFE;;DUAL POWER PŁYN DO PRANIA 2000 ML ECO GREEN LIFE;47,25;58,12;8054633838440;
DUAL POWER ŻEL DO ZMYWAREK 33 CYKLE 660 ML ECO GREENLIFE;;DUAL POWER ŻEL DO ZMYWAREK 33 CYKLE 660 ML ECO GREENLIFE;30,66;37,71;8054633831670;
DUAL POWER ŻEL DO ZMYWAREK 33 CYKLE 660 ML BICARBONATO;;DUAL POWER ŻEL DO ZMYWAREK 33 CYKLE 660 ML BICARBONATO;28,46;35,01;8054633831663;
DUAL POWER ŻEL DO ZMYWAREK 33 CYKLE 660 ML LEMON;;DUAL POWER ŻEL DO ZMYWAREK 33 CYKLE 660 ML LEMON;28,46;35,01;8054633831656;
DUAL POWER SÓL DO ZMYWAREK 1KG ECO GREENLIFE;;DUAL POWER SÓL DO ZMYWAREK 1KG ECO GREENLIFE;7,59;9,33;8054633838372;
DUAL POWER PŁYN DO MYCIA OKIEN 750 ML ECO GREENLIFE;;DUAL POWER PŁYN DO MYCIA OKIEN 750 ML ECO GREENLIFE;13,29;16,35;8032680395291;
DUAL POWER PŁYN DO MYCIA PODŁÓG 5000 ML AGRUMI;;DUAL POWER PŁYN DO MYCIA PODŁÓG 5000 ML AGRUMI;48,13;59,2;8054633837528;
DUAL POWER PŁYN DO MYCIA PODŁÓG 5000 ML ARGAN;;DUAL POWER PŁYN DO MYCIA PODŁÓG 5000 ML ARGAN;48,13;59,2;8032680395000;
DUAL POWER PŁYN DO MYCIA PODŁÓG 5000 ML MELA VERDA;;DUAL POWER PŁYN DO MYCIA PODŁÓG 5000 ML MELA VERDA;48,13;59,2;8032680391538;
DUAL POWER PŁYN DO MYCIA PODŁÓG 5000 ML MENTA LIMONE;;DUAL POWER PŁYN DO MYCIA PODŁÓG 5000 ML MENTA LIMONE;48,13;59,2;8054633837535;
DUAL POWER PŁYN DO PŁUKANIA 5000 ML ARGAN;;DUAL POWER PŁYN DO PŁUKANIA 5000 ML ARGAN;50,33;61,91;8054633838327;
DUAL POWER PŁYN DO PŁUKANIA 5000 ML FLAMINGO;;DUAL POWER PŁYN DO PŁUKANIA 5000 ML FLAMINGO;50,33;61,91;8054633838341;
DUAL POWER PŁYN DO PŁUKANIA 5000 ML RELAX;;DUAL POWER PŁYN DO PŁUKANIA 5000 ML RELAX;50,33;61,91;8054633839492;
DUAL POWER PŁYN DO PRANIA 5000 ML ARGAN;;DUAL POWER PŁYN DO PRANIA 5000 ML ARGAN;78,90;97,05;8054633837672;
DUAL POWER PŁYN DO PRANIA 5000 ML FLAMINGO;;DUAL POWER PŁYN DO PRANIA 5000 ML FLAMINGO;78,90;97,05;8054633837597;
DUAL POWER PŁYN DO PRANIA 5000 ML RELAX;;DUAL POWER PŁYN DO PRANIA 5000 ML RELAX;78,90;97,05;8054633839508;
WEXOR DEOBOSTER 750 ML ODŚWIEŻACZ HIMALAYA;;WEXOR DEOBOSTER 750 ML ODŚWIEŻACZ HIMALAYA;49,89;61,36;8054729631535;
WEXOR DEOBOSTER 750 ML ODŚWIEŻACZ BRASIL;;WEXOR DEOBOSTER 750 ML ODŚWIEŻACZ BRASIL;49,89;61,36;8054729631528;
WEXOR DEOBOSTER 750 ML ODŚWIEŻACZ D`ACQUA;;WEXOR DEOBOSTER 750 ML ODŚWIEŻACZ D`ACQUA;49,89;61,36;8054729631542;
WEXOR DEOBOSTER 750 ML ODŚWIEŻACZ ROSA;;WEXOR DEOBOSTER 750 ML ODŚWIEŻACZ ROSA;49,89;61,36;8054729631559;
WEXOR ODPLAMIACZ W SPRAYU 500 ML METAL;;WEXOR ODPLAMIACZ W SPRAYU 500 ML METAL;27,47;33,79;8054729631443;
WEXOR ODPLAMIACZ SPECJALNY 220 ML ZIELONY;;WEXOR ODPLAMIACZ SPECJALNY 220 ML ZIELONY;29,67;36,49;8054179635526;
WEXOR ODPLAMIACZ SPECJALNY 220 ML CZERWONY;;WEXOR ODPLAMIACZ SPECJALNY 220 ML CZERWONY;29,67;36,49;8054729635533;
WEXOR PŁYN DO PODŁOGI 5L HIMALAYA;;WEXOR PŁYN DO PODŁOGI 5L HIMALAYA;102,20;125,7;8054729631573;
WEXOR PŁYN DO PODŁÓG 5L ROSA;;WEXOR PŁYN DO PODŁÓG 5L ROSA;102,20;125,7;8054729631597;
WEXOR PŁYN DO CZYSZCZENIA PRALKI 235 ML;;WEXOR PŁYN DO CZYSZCZENIA PRALKI 235 ML;23,07;28,38;8054729633157;
WEXOR ŻELAZKO W SPRAYU 100 ML;;WEXOR ŻELAZKO W SPRAYU 100 ML;20,88;25,68;8054729633164;
CD MYDŁO W PŁYNIE 300 ML AVOCADO;;CD MYDŁO W PŁYNIE 300 ML AVOCADO;19,56;24,06;4045612009276;
CD PŁYN DO HIGIENY INTYMNEJ 300 ML;;CD PŁYN DO HIGIENY INTYMNEJ 300 ML;15,28;18,79;4045612009139;
CD DEO SPRAY 150 ML SEIDENBLUTE;;CD DEO SPRAY 150 ML SEIDENBLUTE;15,06;18,52;4045612010159;
CD ROLL ON 50 ML SEIDENBLUTE;;CD ROLL ON 50 ML SEIDENBLUTE;13,52;16,63;4045612010142;
CD DEO ATOMIZER SZKŁO 75 ML SEIDENBLUTE;;CD DEO ATOMIZER SZKŁO 75 ML SEIDENBLUTE;19,56;24,06;4045612010135;
CD SZTYFT 40 ML WASSERLILIE;;CD SZTYFT 40 ML WASSERLILIE;19,56;24,06;4045612001768;
CD ŻEL DO MYCIA CIAŁA 500 ML AVOCADO;;CD ŻEL DO MYCIA CIAŁA 500 ML AVOCADO;19,56;24,06;4045612009238;
CD ŻEL DO MYCIA CIAŁA 500 ML WALDBADEN KRAFT;;CD ŻEL DO MYCIA CIAŁA 500 ML WALDBADEN KRAFT;19,56;24,06;4045612009245;
Płyn do prania w pralce odświeżający do tkanin białych i kolorowych 21 prań  Liquido Lavatrice DEOACTION;1050ml;Płyn do prania w pralce odświeżający do tkanin białych i kolorowych 21 prań  Liquido Lavatrice DEOACTION - 1050ml;15,60;19,18730769;8015194523961;
Płyn do prania w pralce o zapachu Białego Piżma 40 prań  Liquido Lavatrice Muschio Bianco;1800 ml;Płyn do prania w pralce o zapachu Białego Piżma 40 prań  Liquido Lavatrice Muschio Bianco - 1800 ml;21,36;26,27307692;8015194525699;
Płyn do prania w pralce z dodatkiem sody oczyszczonej 40 prańLiquido Lavatrice Bicarbonato;1800 ml;Płyn do prania w pralce z dodatkiem sody oczyszczonej 40 prańLiquido Lavatrice Bicarbonato  - 1800 ml;21,36;26,27307692;8015194525705;
Płyn do prania w pralce do tkanin kolorowych 40 prań Liquido Lavatrice Color;1800 ml;Płyn do prania w pralce do tkanin kolorowych 40 prań Liquido Lavatrice Color - 1800 ml;21,36;26,27307692;8015194526542;
Płyn do prania w pralce Lawenda 40 prań Liquido Lavatrice Lavanda;1800 ml;Płyn do prania w pralce Lawenda 40 prań Liquido Lavatrice Lavanda - 1800 ml;21,36;26,27307692;8015194526535;
Mydło w płynie do prania o zapachu Marsylii 18 prań Sapone da bucato Marsiglia;1000ml;Mydło w płynie do prania o zapachu Marsylii 18 prań Sapone da bucato Marsiglia - 1000ml;9,84;12,10153846;8015194100056;
Mydło w płynie do prania o zapachu Białego Piżma 18 prańSapone da bucato Muschio Bianco;1000ml;Mydło w płynie do prania o zapachu Białego Piżma 18 prańSapone da bucato Muschio Bianco - 1000ml;9,84;12,10153846;8015194101237;
Mydło w płynie do prania o zapachu Białego Piżma - Uzupełnienie 22 prania Sapone da bucato Muschio Bianco;1250ml;Mydło w płynie do prania o zapachu Białego Piżma - Uzupełnienie 22 prania Sapone da bucato Muschio Bianco - 1250ml;10,36;12,73846154;8015194522261;
Mydło  w płynie do prania o zapachu Marsylii - Uzupełnienie 22 prania Sapone da bucato Marsiglia;1250ml;Mydło  w płynie do prania o zapachu Marsylii - Uzupełnienie 22 prania Sapone da bucato Marsiglia  - 1250ml;10,36;12,73846154;8015194522278;
Koncentrat do zmiękczania tkanin odświeżający 45 prań  Ammorbidente Concentrato DEOACTION;900ml;Koncentrat do zmiękczania tkanin odświeżający 45 prań  Ammorbidente Concentrato DEOACTION - 900ml;11,00;13,53461538;8015194523992;
Koncentrat do zmiękczania tkanin o zapachu Białego Piżma 50 prań Ammorbidente Concentrato Muschio Bianco;1000ml;Koncentrat do zmiękczania tkanin o zapachu Białego Piżma 50 prań Ammorbidente Concentrato Muschio Bianco   - 1000ml;11,00;13,53461538;8015194522513;
Koncentrat do zmiękczania tkanin o zapachu Piwonii i Magnolii  50 prań  Ammorbidente Concentrato Peonia e Magnolia;1000ml;Koncentrat do zmiękczania tkanin o zapachu Piwonii i Magnolii  50 prań  Ammorbidente Concentrato Peonia e Magnolia - 1000ml;11,00;13,53461538;8015194522483;
Koncentrat do zmiękczania tkanin o zapachu Kwiatów Pomarańczy i Narcyzu  50 prańAmmorbidente Concentrato Fiori di Arancio e Narciso;1000ml;Koncentrat do zmiękczania tkanin o zapachu Kwiatów Pomarańczy i Narcyzu  50 prań Fiori di Arancio e Narciso - 1000ml;11,00;13,53461538;8015194522490;
Koncentrat do zmiękczania tkanin o zapachu Soli Morskiej i Kwiatu Lotosu  50 prań Ammorbidente Concentrato Sali Marini e Fior di Loto;1000ml;Koncentrat do zmiękczania tkanin o zapachu Soli Morskiej i Kwiatu Lotosu  50 prań Sali Marini e Fior di Loto - 1000ml;11,00;13,53461538;8015194522506;
Płyn do prania  wełny i kaszmiru ręcznie i w pralce Olejek arganowy 18 prań  Lana e Cashmere;900ml;Płyn do prania  wełny i kaszmiru ręcznie i w pralce Olejek arganowy 18 prań  Lana e Cashmere - 900ml;11,85;14,56961538;8015194100742;
Płyn do prania tkanin sportowych i syntetycznych z olejkiem z drzewa herbacianego 18 prań Capi Sportivi e Fibre Sintetiche;900ml;Płyn do prania tkanin sportowych i syntetycznych z olejkiem z drzewa herbacianego 18 prań Capi Sportivi - 900ml;11,85;14,56961538;8015194503024;
Mydło marsylskie w kostce do prania  Sapone Cubo Marsiglia;250gr;Mydło marsylskie w kostce do prania  Sapone Cubo Marsiglia - 250gr;5,18;6,369230769;8015194517878;
Mydło marsylskie w kostce do prania  Sapone Cubo Marsiglia;300gr;Mydło marsylskie w kostce do prania  Sapone Cubo Marsiglia - 300gr;5,44;6,687692308;8005150001015;
Odplamiacz do kołnierzyków i mankietów  Colli e Polsini;500ml;Odplamiacz do kołnierzyków i mankietów  Colli e Polsini - 500ml;10,68;13,13653846;8015194528539;
Odtłuszczacz Uniwersalny o zapachu Lawendy Sgrassatore Universale al profumo di Lavanda ;5 litrów;Odtłuszczacz Uniwersalny o zapachu Lawendy Sgrassatore Universale al profumo di Lavanda  - 5 litrów;45,50;55,96961538;8015194507374;
Odtłuszczacz Uniwersalny o zapachu MarsyliiSgrassatore Universale al profumo di Marsiglia ;5 litrów;Odtłuszczacz Uniwersalny o zapachu MarsyliiSgrassatore Universale al profumo di Marsiglia  - 5 litrów;45,50;55,96961538;8015194100483;
Odłuszczacz Uniwersalny o zapachu Cytrynowym Sgrassatore Universale al Profumo di Limone;5 litrów;Odłuszczacz Uniwersalny o zapachu Cytrynowym Sgrassatore Universale al Profumo di Limone - 5 litrów;45,50;55,96961538;8015194507398;
Odtłuszczacz Uniwersalny o zapachu Marsylii z rozpylaczem Sgrassatore Universale al profumo di Marsiglia;600ml;Odtłuszczacz Uniwersalny o zapachu Marsylii z rozpylaczem Sgrassatore Universale al profumo di Marsiglia - 600ml;8,80;10,82769231;8015194522933;
Odtłuszczacz Uniwersalny o zapachu Lawendy z rozpylaczemSgrassatore Universale al profumo di Lavanda;600ml;Odtłuszczacz Uniwersalny o zapachu Lawendy z rozpylaczemSgrassatore Universale al profumo di Lavanda - 600ml;8,80;10,82769231;8015194522940;
Odtłuszczacz Uniwersalny o zapachu Cytrynowym z rozpylaczem  Sgrassatore Universale al profumo di Limone;600ml;Odtłuszczacz Uniwersalny o zapachu Cytrynowym z rozpylaczem  Sgrassatore Universale al profumo di Limone - 600ml;8,80;10,82769231;8015194522957;
Odtłuszczacz Uniwersalny z sodą oczyszczoną Sgrassatore Universale con Bicarbonato;600ml;Odtłuszczacz Uniwersalny z sodą oczyszczoną Sgrassatore Universale con Bicarbonato - 600ml;8,80;10,82769231;8015194522964;
Odtłuszczacz Uniwersalny o zapachu Lawendy - uzupełnienie Sgrassatore Universale al. profumo di Lavanda;600ml;Odtłuszczacz Uniwersalny o zapachu Lawendy - uzupełnienie Sgrassatore Universale al. profumo di Lavanda - 600ml;7,90;9,713076923;8015194522995;
Odtłuszczacz Uniwersalny o zapachu Cytrynowym - uzupełnienie Sgrassatore Universale al profumo di Limone;600ml;Odtłuszczacz Uniwersalny o zapachu Cytrynowym - uzupełnienie Sgrassatore Universale al profumo di Limone - 600ml;7,90;9,713076923;8015194523008;
Odtłuszczacz Uniwersalny o zapachu Marsylii - uzupełnienie Sgrassatore Universale al profumo di Marsyglia ricarica;600ml;Odtłuszczacz Uniwersalny o zapachu Marsylii - uzupełnienie Sgrassatore Universale al profumo di Marsyglia ricarica - 600ml;7,90;9,713076923;8015194522988;
Odtłuszczacz z wybielaczem w sprayu  Sgrassatore con candeggina spray;625ml;Odtłuszczacz z wybielaczem w sprayu  Sgrassatore con candeggina spray - 625ml;7,90;9,713076923;8015194513528;
Odkamieniacz uniwersalny w sprayu z octem  Anticalcare Universale Aceto Bianco;625ml;Odkamieniacz uniwersalny w sprayu z octem  Anticalcare Universale Aceto Bianco - 625ml;9,32;11,46461538;8015194518394;
Odkamieniacz przeciw zaciekom Anticalcare Antigoccia;625ml;Odkamieniacz przeciw zaciekom Anticalcare Antigoccia - 625ml;9,32;11,46461538;8015194517892;
Detergent w piance do toalet WC Candeggina;625ml;Detergent w piance do toalet WC Candeggina - 625ml;9,32;11,46461538;8015194526245;
Odkamieniacz w piance do toalet WC Disincrostatne;625ml;Odkamieniacz w piance do toalet WC Disincrostatne - 625ml;9,32;11,46461538;8015194526238;
Płyn do czyszczenia łazienki z odkamieniaczem Bagno Azione Anticalcare;625ml;Płyn do czyszczenia łazienki z odkamieniaczem Bagno Azione Anticalcare - 625ml;9,32;11,46461538;8015194518424;
Płyn do mycia naczyń o zapachu Marsylii Marsiglia piatti;500ml;Płyn do mycia naczyń o zapachu Marsylii Marsiglia piatti - 500ml;6,34;7,802307692;8015194100421;
Płyn do mycia naczyń o zapachu PomarańczyMarsiglia piatti arancio;500ml;Płyn do mycia naczyń o zapachu PomarańczyMarsiglia piatti arancio - 500ml;6,34;7,802307692;8015194100254;
Płyn do mycia podłóg o zapachu Białego Piżma  Sgrassatore Pavimenti Muschio Bianco ;750ml;Płyn do mycia podłóg o zapachu Białego Piżma  Sgrassatore Pavimenti Muschio Bianco  - 750ml;8,41;10,35;8015194514860;
Płyn do mycia podłóg o zapachu Marsylii i Cytryny Sgrassatore Pavimenti Marsiglia e Limone;750ml;Płyn do mycia podłóg o zapachu Marsylii i Cytryny Sgrassatore Pavimenti Marsiglia e Limone - 750ml;8,41;10,35;8015194514853;
Odtłuszczacz hipoalergiczny w sprayu Sgrassatore ipoalergico spray;625ml;Odtłuszczacz hipoalergiczny w sprayu Sgrassatore ipoalergico spray - 625ml;8,80;10,82769231;8015194510381;
Płyn do mycia szyb Vetri;625ml;Płyn do mycia szyb Vetri - 625ml;9,13;11,22576923;8015194512088;
Płyn do prania Eukaliptus 21 prańLavatrice profumo di Eucalipto;1071ml;Płyn do prania Eukaliptus 21 prańLavatrice profumo di Eucalipto - 1071ml;15,60;19,18730769;8015194521493;
Płyn do prania z sodą oczyszczoną 21 prań  Lavatrice igienizzante con Bicarbonato;1071ml;Płyn do prania z sodą oczyszczoną 21 prań  Lavatrice igienizzante con Bicarbonato - 1071ml;15,60;19,18730769;8015194521509;
Płyn do prania Eukaliptus 24 prania - uzupełnienie Lavatrice profumo di Eucalipto - ecoricarica;1224ml;Płyn do prania Eukaliptus 24 prania - uzupełnienie Lavatrice profumo di Eucalipto - ecoricarica - 1224ml;15,99;19,665;8015194521554;
Płyn do prania z sodą oczyszczoną 24 prania - uzupełnienieLavatrice igienizzante con Bicarbonato - ecoricarica;1224ml;Płyn do prania z sodą oczyszczoną 24 prania - uzupełnienieLavatrice igienizzante con Bicarbonato - ecoricarica - 1224ml;15,99;19,665;8015194521561;
Płyn do prania odzieży dziecięcej Mleko Owsiane 21 prań  Lavatrice Bebe con Latte di Avena;1071ml;Płyn do prania odzieży dziecięcej Mleko Owsiane 21 prań  Lavatrice Bebe con Latte di Avena  - 1071ml;15,60;19,18730769;8015194521516;
Płyn do płukania odzieży dziecięcej z esencjami olejków 45 prań Ammorbidente Bebe con oli essenziali;900ml;Płyn do płukania odzieży dziecięcej z esencjami olejków 45 prań Ammorbidente Bebe con oli essenziali  - 900ml;12,04;14,80846154;8015194524111;
Płyn do mycia naczyń Grejpfrut i Granat  Piatti concentrato Pompelmo&Melograno;500ml;Płyn do mycia naczyń Grejpfrut i Granat  Piatti concentrato Pompelmo&Melograno - 500ml;6,80;8,359615385;8015194512262;
Płyn do mycia naczyń Cytryna i Bazylia Piatti concentrato Limone&Basilico;500ml;Płyn do mycia naczyń Cytryna i Bazylia Piatti concentrato Limone&Basilico - 500ml;6,80;8,359615385;8015194510411;